time,open,high,low,close,volume
1789060800,218.7952,218.82,218.53,218.61,438721
1789061100,218.62,218.7406,218.45,218.69,480028
1789061400,218.685,218.685,218.44,218.49,683086
1789061700,218.49,218.5599,218.165,218.165,503132
1789062000,218.16,218.39,218.12,218.36,449338
1789062300,218.3672,218.4,218.295,218.3599,376196
1789062600,218.37,218.62,218.3576,218.61,429696
1789062900,218.6168,218.6168,218.36,218.3709,354050
1789063200,218.35,218.53,218.18,218.22,449221
1789063500,218.2099,218.4201,218.11,218.19,413406
1789063800,218.18,218.2991,218.02,218.1807,414999
1789064100,218.1705,218.1705,218.0392,218.1699,344491
1789064400,218.17,218.32,218.11,218.17,424407
1789064700,218.175,218.21,218.03,218.035,344033
1789065000,218.0301,218.0398,217.745,217.9039,778231
1789065300,217.9,218.085,217.835,218.065,437401
1789065600,218.07,218.07,217.88,217.9128,475718
1789065900,217.92,218.15,217.825,217.9303,562008
1789066200,217.935,218.45,217.86,218.18,690038
1789066500,218.18,218.3,218.11,218.2308,503824
1789066800,218.23,218.29,217.92,217.93,598434
1789067100,217.9383,218.01,217.715,217.9601,770684
1789067400,217.9924,218.07,217.69,217.97,774526
1789067700,217.97,218.14,217.97,218.14,659969
1789068000,218.12,218.28,218.07,218.225,570410
1789068300,218.225,218.3846,218.2027,218.3,702925
1789068600,218.3099,218.56,218.22,218.525,1011171
1789068900,218.5263,218.5263,218.2001,218.35,820010
1789069200,218.36,218.75,218.35,218.46,1980304
1789069500,218.47,218.81,218.46,218.78,888123
1789069800,218.75,218.94,218.3,218.46,1944332
1789070100,218.44,218.75,218.22,218.36,17881732
1789133400,221.25,221.34,219.1501,219.7999,3510983
1789133700,219.78,220.19,219.0307,219.6,1736178
1789134000,219.6288,220.21,219.3732,220.06,1582428
1789134300,220.07,220.09,219.345,219.81,1434830
1789134600,219.78,221.18,219.715,221.16,1830728
1789134900,221.16,221.71,220.61,221.59,2237035
1789135200,221.63,222.0,221.31,221.51,2332464
1789135500,221.5199,221.7999,220.81,221.38,1509749
1789135800,221.38,221.63,221.07,221.17,1191025
1789136100,221.17,221.41,220.65,221.255,1169318
1789136400,221.27,221.7114,221.09,221.45,1423548
1789136700,221.46,221.93,221.39,221.6,1208903
1789137000,221.59,221.59,220.085,220.155,1610177
1789137300,220.1595,220.2,219.78,220.1,1850689
1789137600,220.1098,220.3,219.67,219.7881,1052709
1789137900,219.78,220.11,219.62,219.9895,1150917
1789138200,219.97,220.01,219.54,219.625,802942
1789138500,219.625,219.7,219.3,219.47,923760
1789138800,219.45,220.17,219.3616,220.08,919469
1789139100,220.08,220.28,220.01,220.14,657952
1789139400,220.143,220.21,219.71,219.7806,565672
1789139700,219.7983,220.575,219.79,220.16,1049583
1789140000,220.1874,220.35,219.9,220.1669,786253
1789140300,220.15,220.32,220.1,220.1801,519395
1789140600,220.18,220.3,219.705,219.83,1000162
1789140900,219.83,219.97,219.6405,219.75,1013372
1789141200,219.75,219.815,219.4201,219.57,840248
1789141500,219.57,219.8,219.5005,219.73,535193
1789141800,219.74,219.8399,219.52,219.5978,517026
1789142100,219.61,219.765,219.5573,219.685,425314
1789142400,219.68,219.9699,219.59,219.93,634904
1789142700,219.94,219.9652,219.73,219.875,415627
1789143000,219.8701,219.88,219.55,219.58,464293
1789143300,219.58,219.59,219.14,219.26,745536
1789143600,219.275,219.4239,219.15,219.2062,444522
1789143900,219.21,219.33,219.09,219.16,509145
1789144200,219.16,219.22,218.92,219.145,898757
1789144500,219.145,219.17,218.735,218.755,649677
1789144800,218.76,219.1599,218.65,219.1199,578088
1789145100,219.115,219.24,218.96,218.9697,467879
1789145400,218.965,219.2,218.9644,219.025,445305
1789145700,219.025,219.145,218.9903,219.105,397148
1789146000,219.11,219.26,219.01,219.0576,915707
1789146300,219.055,219.36,219.04,219.12,523091
1789146600,219.12,219.235,218.9,218.985,455685
1789146900,218.985,219.34,218.94,219.318,456213
1789147200,219.3394,219.43,219.21,219.32,481852
1789147500,219.31,219.43,219.11,219.25,359238
1789147800,219.256,219.35,219.179,219.21,387025
1789148100,219.22,219.41,219.05,219.06,471035
1789148400,219.07,219.32,219.0,219.29,374478
1789148700,219.3,219.4,219.28,219.2801,344820
1789149000,219.29,219.33,219.24,219.255,315071
1789149300,219.2595,219.3,219.08,219.145,287838
1789149600,219.14,219.22,219.03,219.1399,308728
1789149900,219.13,219.205,219.08,219.195,216271
1789150200,219.2,219.25,219.09,219.2,275103
1789150500,219.1874,219.37,219.1405,219.26,375801
1789150800,219.28,219.42,219.095,219.3699,436843
1789151100,219.365,219.5599,219.32,219.51,512492
1789151400,219.505,219.9368,219.49,219.915,781167
1789151700,219.915,220.01,219.5601,219.715,952252
1789152000,219.72,219.87,219.62,219.65,547251
1789152300,219.655,219.6699,219.4105,219.46,414792
1789152600,219.44,219.5,219.24,219.28,422691
1789152900,219.27,219.51,219.26,219.35,497646
1789153200,219.34,219.445,219.21,219.22,401328
1789153500,219.22,219.2599,218.82,218.8501,784445
1789153800,218.865,219.14,218.8107,219.11,781225
1789154100,219.1001,219.23,218.98,218.9902,597241
1789154400,218.995,219.04,218.88,219.04,509670
1789154700,219.03,219.0799,218.36,218.41,900195
1789155000,218.42,218.49,218.23,218.47,1035327
1789155300,218.46,218.55,218.3801,218.4701,752397
1789155600,218.485,218.84,218.41,218.7658,1052423
1789155900,218.76,218.85,218.63,218.76,726779
1789156200,218.75,218.825,218.4,218.72,1535805
1789156500,218.68,218.79,218.15,218.29,13451356
1789392600,211.08,211.5,209.24,209.68,9343677
1789392900,209.67,209.92,208.93,209.27,4222720
1789393200,209.27,209.87,209.07,209.86,2985848
1789393500,209.86,211.56,209.8463,211.31,3761098
1789393800,211.31,211.4399,210.51,210.675,2558244
1789394100,210.67,210.96,210.55,210.79,2781499
1789394400,210.79,211.03,210.45,210.7466,1925176
1789394700,210.77,211.63,210.55,211.22,2182750
1789395000,211.22,211.7,211.22,211.42,1780733
1789395300,211.425,211.53,210.59,210.67,1689609
1789395600,210.69,210.82,210.2171,210.23,1503420
1789395900,210.235,210.49,210.07,210.455,1395911
1789396200,210.45,211.02,210.42,210.9295,1369205
1789396500,210.925,210.925,210.25,210.4299,1278791
1789396800,210.41,210.62,210.33,210.52,1015106
1789397100,210.53,210.86,210.47,210.8298,894356
1789397400,210.82,210.84,210.46,210.63,876701
1789397700,210.625,210.6762,210.3,210.48,965527
1789398000,210.46,210.63,210.28,210.34,840062
1789398300,210.3495,211.26,210.3401,210.86,1395995
1789398600,210.88,211.05,210.71,210.74,681458
1789398900,210.73,211.2395,210.718,211.135,849553
1789399200,211.14,211.35,210.95,211.26,839835
1789399500,211.26,211.6,211.16,211.46,1363579
1789399800,211.45,212.02,211.2,211.89,1597285
1789400100,211.89,212.1,211.81,211.88,1282994
1789400400,211.88,212.2,211.7,212.05,1179352
1789400700,212.0575,212.1298,211.7637,211.772,1042290
1789401000,211.77,211.94,211.68,211.9026,780422
1789401300,211.905,212.33,211.86,212.1884,808399
1789401600,212.18,212.285,212.0284,212.0301,681233
1789401900,212.0329,212.0329,211.76,211.8,675946
1789402200,211.78,211.9299,211.6515,211.6899,793165
1789402500,211.7,212.23,211.7,212.15,827975
1789402800,212.14,212.165,211.92,211.96,640041
1789403100,211.94,211.99,211.68,211.79,574610
1789403400,211.77,211.84,211.615,211.6799,558348
1789403700,211.67,211.85,211.51,211.775,561463
1789404000,211.775,211.86,211.62,211.86,422311
1789404300,211.855,212.39,211.725,212.26,873920
1789404600,212.2688,212.365,211.7,212.035,740214
1789404900,212.03,212.2199,211.9099,212.105,494154
1789405200,212.1099,212.21,212.0589,212.135,456122
1789405500,212.1386,212.24,212.09,212.16,508865
1789405800,212.175,212.38,212.07,212.071,468161
1789406100,212.07,212.1962,211.96,212.045,490819
1789406400,212.045,212.37,212.022,212.345,606275
1789406700,212.35,212.59,212.305,212.58,680920
1789407000,212.59,212.606,212.38,212.42,549378
1789407300,212.42,212.48,212.1667,212.47,538814
1789407600,212.46,212.49,212.2801,212.3784,407020
1789407900,212.37,212.6,212.37,212.575,498568
1789408200,212.575,212.77,212.51,212.53,742389
1789408500,212.53,212.58,212.39,212.4101,524901
1789408800,212.42,212.63,212.23,212.28,633893
1789409100,212.2864,212.55,212.2,212.5318,2133436
1789409400,212.54,212.58,212.35,212.46,538113
1789409700,212.46,212.495,212.23,212.24,621019
1789410000,212.23,212.3,212.09,212.18,445587
1789410300,212.185,212.205,212.035,212.095,447183
1789410600,212.11,212.34,212.07,212.2872,581148
1789410900,212.28,212.44,212.25,212.415,478134
1789411200,212.415,212.45,212.315,212.4,481184
1789411500,212.4,212.49,212.27,212.34,531623
1789411800,212.34,212.42,212.23,212.355,456675
1789412100,212.34,212.58,212.31,212.555,473965
1789412400,212.57,212.6,212.25,212.58,657987
1789412700,212.59,212.62,212.23,212.405,550907
1789413000,212.42,212.445,212.19,212.28,1578109
1789413300,212.27,212.295,212.1215,212.28,553315
1789413600,212.27,212.32,212.1,212.24,2593171
1789413900,212.24,212.36,212.1,212.105,562074
1789414200,212.1,212.2,211.72,211.8,1691855
1789414500,211.7935,211.86,211.68,211.85,845900
1789414800,211.84,212.135,211.82,212.07,868790
1789415100,212.075,212.1546,211.85,212.07,986775
1789415400,212.06,212.4,211.39,211.72,2622420
1789415700,211.71,211.71,210.79,210.96,20035664
1789479000,213.09,213.8795,212.5625,213.3799,4759924
1789479300,213.3809,213.62,212.6711,213.0895,2119540
1789479600,213.085,213.6099,212.92,213.31,1887068
1789479900,213.315,213.94,213.21,213.57,1843381
1789480200,213.55,213.717,213.18,213.2508,1475346
1789480500,213.27,213.44,212.99,213.25,1423750
1789480800,213.26,213.3024,212.48,212.815,2309843
1789481100,212.7905,213.25,212.7905,213.12,1007983
1789481400,213.11,213.17,212.4105,212.64,1331776
1789481700,212.635,212.78,212.49,212.63,838854
1789482000,212.62,212.79,211.96,212.68,1498381
1789482300,212.68,212.9,212.41,212.7401,850802
1789482600,212.74,212.98,212.62,212.7,957151
1789482900,212.7,213.06,212.685,212.81,875337
1789483200,212.8199,212.91,212.5205,212.71,888097
1789483500,212.71,212.95,212.17,212.24,823864
1789483800,212.22,212.3,211.63,212.1314,1295137
1789484100,212.135,212.4,212.0,212.035,964724
1789484400,212.035,212.56,212.02,212.56,842518
1789484700,212.565,212.59,212.145,212.1941,628489
1789485000,212.18,212.35,212.12,212.2299,561628
1789485300,212.225,212.37,212.11,212.22,454550
1789485600,212.21,212.23,211.98,212.11,695128
1789485900,212.1,212.36,212.1,212.26,1389191
1789486200,212.2511,212.255,211.9905,212.17,522582
1789486500,212.17,212.4,212.11,212.21,477839
1789486800,212.21,212.47,212.11,212.28,594565
1789487100,212.28,212.39,212.012,212.1019,575972
1789487400,212.095,212.37,211.93,212.275,712534
1789487700,212.275,212.44,212.16,212.1799,527384
1789488000,212.19,212.35,212.16,212.3,404209
1789488300,212.29,212.32,211.98,212.03,536070
1789488600,212.04,212.09,211.84,211.842,620443
1789488900,211.8499,212.02,211.805,211.8901,541903
1789489200,211.895,212.14,211.86,212.1201,591097
1789489500,212.125,212.17,211.9105,211.97,454845
1789489800,211.96,211.96,211.75,211.84,503342
1789490100,211.834,211.96,211.71,211.85,452445
1789490400,211.856,212.195,211.79,212.08,434525
1789490700,212.075,212.15,211.8711,212.0542,401532
1789491000,212.05,212.16,211.96,212.09,453573
1789491300,212.09,212.14,211.7,211.77,517535
1789491600,211.775,211.8,211.4,211.4624,869166
1789491900,211.455,211.53,211.27,211.45,627344
1789492200,211.45,211.62,211.42,211.425,427840
1789492500,211.425,211.655,211.3542,211.65,456364
1789492800,211.66,211.7403,211.24,211.3,685065
1789493100,211.29,211.3599,211.16,211.33,476535
1789493400,211.3399,211.62,211.33,211.545,433778
1789493700,211.545,211.79,211.5,211.5699,439757
1789494000,211.56,211.6965,211.5,211.5499,550991
1789494300,211.56,211.77,211.4701,211.7105,691163
1789494600,211.71,211.98,211.67,211.84,463907
1789494900,211.8352,211.98,211.775,211.9598,407426
1789495200,211.96,212.1018,211.92,212.05,718953
1789495500,212.055,212.11,211.77,211.89,474778
1789495800,211.89,211.95,211.67,211.7,495401
1789496100,211.71,211.8,211.56,211.715,436190
1789496400,211.71,211.975,211.705,211.955,340161
1789496700,211.935,212.2,211.93,212.1,539674
1789497000,212.1,212.19,211.93,212.03,503562
1789497300,212.025,212.17,211.995,212.16,402013
1789497600,212.155,212.33,211.95,212.0124,587116
1789497900,212.02,212.07,211.91,211.9814,433409
1789498200,211.99,212.12,211.95,212.075,492266
1789498500,212.0733,212.15,212.02,212.1101,368235
1789498800,212.1,212.1,211.91,211.9598,419433
1789499100,211.95,212.02,211.88,212.015,415322
1789499400,212.011,212.19,211.99,212.015,404962
1789499700,212.02,212.11,211.89,212.1,420671
1789500000,212.1,212.105,212.0,212.05,405715
1789500300,212.02,212.15,211.98,212.1364,483230
1789500600,212.11,212.17,212.0,212.025,540798
1789500900,212.025,212.025,211.75,211.82,568642
1789501200,211.82,212.01,211.76,211.935,568484
1789501500,211.93,212.15,211.8301,212.03,706487
1789501800,212.0,212.25,211.84,212.199,1291830
1789502100,212.19,212.3,211.97,212.17,12881606
1789565400,214.14,214.23,213.31,213.82,2855888
1789565700,213.839,214.28,213.325,213.75,1809092
1789566000,213.765,214.36,213.395,213.47,1897767
1789566300,213.4875,214.7,213.4844,214.6695,1723090
1789566600,214.6455,215.15,214.4801,214.645,2006358
1789566900,214.65,214.92,214.505,214.7199,1179500
1789567200,214.8,215.01,214.55,214.94,1205018
1789567500,214.945,215.25,214.89,215.15,1218511
1789567800,215.14,215.25,214.61,214.806,1028340
1789568100,214.82,215.3,214.7607,215.16,1108410
1789568400,215.16,215.3,214.94,215.06,868182
1789568700,215.07,215.12,214.89,215.02,659640
1789569000,215.04,215.12,214.855,214.92,781436
1789569300,214.9299,215.1073,214.8415,215.07,500345
1789569600,215.0705,215.35,215.055,215.2801,1215629
1789569900,215.2801,215.5,215.1,215.16,1146972
1789570200,215.165,215.33,215.125,215.265,510268
1789570500,215.28,215.4699,215.26,215.45,590137
1789570800,215.45,216.0,215.45,215.804,1555174
1789571100,215.81,216.3,215.71,216.2608,1253826
1789571400,216.2633,216.275,215.735,215.975,990435
1789571700,215.97,216.0582,215.68,215.7895,705530
1789572000,215.785,215.8985,215.7,215.88,609361
1789572300,215.89,216.085,215.75,215.85,726267
1789572600,215.855,216.01,215.84,215.85,625826
1789572900,215.86,216.26,215.78,216.105,919245
1789573200,216.11,216.29,216.03,216.155,662738
1789573500,216.155,216.76,216.1336,216.655,1012334
1789573800,216.655,216.695,216.1517,216.16,824165
1789574100,216.195,216.28,216.04,216.05,560515
1789574400,216.0517,216.17,215.62,215.6299,815947
1789574700,215.63,215.705,215.5001,215.6199,532044
1789575000,215.615,215.77,215.5632,215.705,516718
1789575300,215.7085,215.875,215.62,215.805,515009
1789575600,215.8,215.82,215.6,215.715,454761
1789575900,215.72,215.97,215.705,215.87,435995
1789576200,215.87,215.93,215.752,215.8287,408989
1789576500,215.835,215.97,215.795,215.895,397367
1789576800,215.89,215.97,215.8627,215.87,588498
1789577100,215.875,216.1,215.875,216.065,423098
1789577400,216.065,216.12,215.95,216.09,429392
1789577700,216.0858,216.19,215.94,216.005,443489
1789578000,216.005,216.005,215.58,215.68,665613
1789578300,215.69,215.75,215.45,215.715,485269
1789578600,215.72,215.76,215.5,215.6701,400373
1789578900,215.68,215.685,215.4701,215.53,380928
1789579200,215.52,215.54,215.23,215.275,462186
1789579500,215.271,215.48,215.25,215.44,627820
1789579800,215.45,215.5,215.21,215.3,394944
1789580100,215.31,215.44,215.09,215.095,364553
1789580400,215.095,215.1199,214.72,214.745,772964
1789580700,214.7599,215.05,214.73,214.93,682575
1789581000,214.92,214.99,214.8103,214.84,414086
1789581300,214.85,215.33,214.83,215.25,546371
1789581600,215.255,215.93,214.9525,215.91,1132379
1789581900,215.92,216.445,215.88,215.92,1379175
1789582200,215.9,215.98,215.4,215.67,782806
1789582500,215.69,215.89,215.46,215.7592,660176
1789582800,215.74,215.9099,215.59,215.8002,508440
1789583100,215.81,215.81,215.09,215.5276,863388
1789583400,215.52,215.65,214.87,214.93,1004032
1789583700,214.89,214.97,214.1907,214.9,1493679
1789584000,214.91,215.7586,214.76,215.545,1112098
1789584300,215.53,215.72,214.74,214.79,912648
1789584600,214.8,214.98,214.07,214.105,1059272
1789584900,214.1,214.55,213.69,213.865,1473026
1789585200,213.87,214.48,213.78,214.26,1084443
1789585500,214.27,214.3,213.335,213.62,1288810
1789585800,213.62,213.72,212.77,212.995,1412295
1789586100,213.0071,213.3454,212.57,212.82,1250992
1789586400,212.81,213.13,212.65,212.89,988808
1789586700,212.92,213.4,212.5,213.35,1091110
1789587000,213.335,213.74,213.24,213.66,1394877
1789587300,213.66,213.758,213.2,213.745,913790
1789587600,213.75,214.0797,213.45,213.66,1118098
1789587900,213.632,214.45,213.62,214.25,1349223
1789588200,214.26,214.43,213.66,213.9172,1618717
1789588500,213.91,214.04,213.335,213.9,18202935
1789651800,218.388,218.6799,217.145,217.29,4577804
1789652100,217.27,218.47,217.23,218.34,2317958
1789652400,218.35,218.7,217.8,217.82,2071997
1789652700,217.83,218.35,217.83,217.99,1583740
1789653000,218.0,218.88,217.71,218.65,1793401
1789653300,218.63,219.19,218.45,219.03,2007160
1789653600,219.0351,219.05,218.5,219.0299,1746485
1789653900,219.015,219.32,218.705,219.13,1652280
1789654200,219.13,219.65,219.0128,219.495,1822750
1789654500,219.48,219.4899,219.21,219.23,1064079
1789654800,219.25,219.66,219.07,219.5917,1395578
1789655100,219.605,219.85,219.465,219.51,1928686
1789655400,219.505,219.87,219.42,219.805,1218501
1789655700,219.805,219.825,219.56,219.595,935980
1789656000,219.61,219.6901,219.3001,219.35,820867
1789656300,219.35,219.365,218.98,219.17,999217
1789656600,219.17,219.2761,218.92,219.0374,874484
1789656900,219.02,219.22,218.91,219.13,773919
1789657200,219.15,219.47,219.03,219.37,791229
1789657500,219.36,219.36,218.95,219.0907,699355
1789657800,219.09,219.138,218.7701,218.8395,651928
1789658100,218.82,218.9599,218.8,218.87,530507
1789658400,218.875,219.183,218.8,219.08,723641
1789658700,219.07,219.31,219.07,219.23,625214
1789659000,219.2499,219.28,219.01,219.06,441421
1789659300,219.08,219.17,218.94,219.115,543620
1789659600,219.115,219.28,219.07,219.165,433253
1789659900,219.17,219.23,219.0,219.12,456638
1789660200,219.1399,219.145,218.82,218.9,500447
1789660500,218.91,218.96,218.71,218.96,623801
1789660800,218.96,219.03,218.75,218.8,427487
1789661100,218.81,218.92,218.62,218.88,505201
1789661400,218.885,218.9,218.65,218.715,350225
1789661700,218.72,218.82,218.69,218.7517,911848
1789662000,218.75,219.0,218.7201,218.935,1409001
1789662300,218.93,218.95,218.7301,218.93,389724
1789662600,218.925,219.04,218.72,218.89,555548
1789662900,218.89,219.04,218.8101,218.836,1317159
1789663200,218.83,218.92,218.75,218.905,374224
1789663500,218.915,219.08,218.8726,218.962,426934
1789663800,218.9501,218.96,218.83,218.87,310666
1789664100,218.875,218.885,218.48,218.7,1606110
1789664400,218.705,219.05,218.68,219.04,444836
1789664700,219.035,219.19,219.02,219.085,430239
1789665000,219.08,219.08,218.88,218.9,357976
1789665300,218.93,218.965,218.81,218.885,381548
1789665600,218.885,219.02,218.79,218.815,450854
1789665900,218.8107,218.95,218.78,218.895,327154
1789666200,218.9,219.27,218.76,219.215,682988
1789666500,219.2265,219.29,219.01,219.05,432483
1789666800,219.05,219.4,219.05,219.3901,507667
1789667100,219.4,219.45,219.26,219.28,465407
1789667400,219.28,219.3199,219.1001,219.2055,412568
1789667700,219.2141,219.325,219.19,219.245,353416
1789668000,219.245,219.3399,219.0701,219.275,664378
1789668300,219.2786,219.5499,219.275,219.418,551558
1789668600,219.41,219.435,219.275,219.4,412524
1789668900,219.4,219.65,219.395,219.5175,631449
1789669200,219.54,219.74,219.535,219.64,828282
1789669500,219.65,219.825,219.54,219.55,572219
1789669800,219.55,219.65,219.5247,219.54,569580
1789670100,219.5399,219.55,219.36,219.44,397673
1789670400,219.42,219.51,219.31,219.41,385860
1789670700,219.41,219.54,219.37,219.48,372400
1789671000,219.485,219.55,219.35,219.36,384269
1789671300,219.36,219.41,219.315,219.37,354082
1789671600,219.37,219.59,219.345,219.5417,453200
1789671900,219.545,219.65,219.485,219.5101,583108
1789672200,219.51,219.76,219.5,219.67,536940
1789672500,219.67,219.855,219.6113,219.78,565577
1789672800,219.77,219.825,219.57,219.575,521362
1789673100,219.58,219.655,219.54,219.59,556648
1789673400,219.58,219.8,219.565,219.7574,736314
1789673700,219.75,219.8,219.575,219.69,647372
1789674000,219.67,219.69,219.3628,219.45,777908
1789674300,219.44,219.56,219.37,219.5008,825064
1789674600,219.51,219.9,219.41,219.6,2108363
1789674900,219.6,219.6,219.22,219.34,19361250
1789738200,219.36,219.57,218.04,218.58,15734333
1789738500,218.57,219.53,218.45,219.46,1820158
1789738800,219.43,220.07,219.17,219.73,3374338
1789739100,219.725,220.04,219.48,219.48,1322806
1789739400,219.49,219.64,219.37,219.58,1070673
1789739700,219.59,219.7592,219.2,219.2201,1046704
1789740000,219.22,219.7,219.07,219.14,1222074
1789740300,219.145,219.93,218.92,219.9146,1411079
1789740600,219.905,220.89,219.87,220.625,2700883
1789740900,220.65,220.84,220.2005,220.36,1247025
1789741200,220.375,220.5,220.13,220.135,902022
1789741500,220.135,220.14,219.52,219.52,1007274
1789741800,219.5,219.57,219.13,219.28,2197661
1789742100,219.28,219.46,219.12,219.22,997189
1789742400,219.2101,219.26,218.85,219.05,1234091
1789742700,219.05,219.455,218.975,219.29,825650
1789743000,219.295,219.55,219.23,219.34,1631016
1789743300,219.33,219.435,218.974,219.01,707349
1789743600,219.01,219.28,219.0,219.24,723136
1789743900,219.24,219.55,219.23,219.3601,1230262
1789744200,219.37,219.49,219.12,219.475,605260
1789744500,219.46,219.915,219.44,219.7599,731300
1789744800,219.76,219.88,219.67,219.804,499476
1789745100,219.8,219.915,219.54,219.835,695239
1789745400,219.83,219.875,219.57,219.62,647254
1789745700,219.62,219.9101,219.56,219.6,638568
1789746000,219.6,219.715,219.4401,219.64,473211
1789746300,219.65,219.7,219.47,219.57,817071
1789746600,219.58,219.7,219.53,219.57,425086
1789746900,219.57,219.75,219.52,219.52,469355
1789747200,219.545,219.59,219.275,219.34,633878
1789747500,219.35,219.57,219.33,219.5001,743993
1789747800,219.5004,219.525,219.36,219.46,420045
1789748100,219.44,219.56,219.312,219.555,443373
1789748400,219.555,219.81,219.321,219.34,660196
1789748700,219.34,219.6,219.15,219.5396,733810
1789749000,219.54,219.92,219.49,219.84,598917
1789749300,219.855,219.935,219.505,219.565,469784
1789749600,219.566,219.64,219.47,219.54,292773
1789749900,219.535,219.59,219.425,219.4999,351335
1789750200,219.495,219.62,219.47,219.6079,2030966
1789750500,219.605,219.81,219.5901,219.655,467716
1789750800,219.66,219.78,219.6,219.605,401574
1789751100,219.605,219.77,219.43,219.7099,543537
1789751400,219.7099,219.97,219.635,219.935,1404388
1789751700,219.93,220.2653,219.885,220.06,827014
1789752000,220.0611,220.07,219.85,219.885,480597
1789752300,219.875,220.12,219.87,220.0,405219
1789752600,220.0,220.0,219.799,219.82,484430
1789752900,219.825,219.8699,219.75,219.775,358518
1789753200,219.775,219.84,219.635,219.815,418838
1789753500,219.815,219.835,219.755,219.77,321205
1789753800,219.765,219.8,219.67,219.69,343240
1789754100,219.69,219.74,219.4001,219.49,491960
1789754400,219.4887,219.525,219.38,219.43,407654
1789754700,219.43,219.63,219.4,219.465,360350
1789755000,219.465,219.5699,219.41,219.512,346105
1789755300,219.515,219.617,219.495,219.6077,333083
1789755600,219.605,219.7,219.42,219.4384,553177
1789755900,219.44,219.44,219.3,219.39,493023
1789756200,219.4,219.48,219.37,219.48,932604
1789756500,219.4799,219.49,219.38,219.415,340385
1789756800,219.415,219.42,219.28,219.335,370713
1789757100,219.34,219.64,219.325,219.595,733227
1789757400,219.5939,219.85,219.5212,219.7611,822124
1789757700,219.765,219.885,219.49,219.56,1097926
1789758000,219.562,219.6299,219.49,219.53,610218
1789758300,219.525,219.615,219.4,219.4899,717161
1789758600,219.49,219.585,219.36,219.57,516969
1789758900,219.57,219.95,219.51,219.92,1547166
1789759200,219.915,219.95,219.55,219.585,755376
1789759500,219.585,219.63,219.47,219.48,512480
1789759800,219.48,219.61,219.36,219.575,614304
1789760100,219.575,219.81,219.5099,219.695,825637
1789760400,219.69,219.8,219.565,219.775,956376
1789760700,219.77,219.979,219.665,219.92,998795
1789761000,219.9,220.64,219.64,220.555,2102301
1789761300,220.555,222.73,220.55,222.27,73945567
